played_at,session_id,sentence_id,target_word,word_index,target_time,tap_time,timing_error,result
2026-07-17 17:34:26,d6cc5e59,Stage 1,QUICK,1,2.434,2.3758,-0.0582,PERFECT
2026-07-17 17:34:30,d6cc5e59,Stage 1,FOX,3,6.294,6.2691,-0.0249,PERFECT
2026-07-17 17:34:34,d6cc5e59,Stage 1,OVER,5,10.418,10.4315,0.0135,PERFECT
2026-07-17 17:34:38,d6cc5e59,Stage 1,LAZY,7,14.23,14.2016,-0.0284,PERFECT
2026-07-17 17:34:41,d6cc5e59,Stage 2,SHE,0,0.6,0.6005,0.0005,PERFECT
2026-07-17 17:34:46,d6cc5e59,Stage 2,SEA,2,5.18,5.1831,0.0031,PERFECT
2026-07-17 17:34:54,d6cc5e59,Stage 2,SEA,6,13.332,13.3054,-0.0266,PERFECT
2026-07-17 17:34:57,d6cc5e59,Stage 3,PETER,0,0.6,0.6101,0.0101,PERFECT
2026-07-17 17:35:01,d6cc5e59,Stage 3,PICKED,2,4.508,4.4543,-0.0537,PERFECT
2026-07-17 17:35:04,d6cc5e59,Stage 3,PECK,4,8.248,8.2359,-0.0121,PERFECT
2026-07-17 17:35:08,d6cc5e59,Stage 3,PICKLED,6,12.06,12.114,0.054,PERFECT
2026-07-17 22:10:38,2648fbea,Stage 1,QUICK,1,2.434,1.2446,-1.1894,MISS
2026-07-17 22:10:43,2648fbea,Stage 1,FOX,3,6.294,6.2393,-0.0547,PERFECT
2026-07-17 22:10:48,2648fbea,Stage 1,OVER,5,10.418,10.4157,-0.0023,PERFECT
2026-07-17 22:10:51,2648fbea,Stage 1,LAZY,7,14.23,14.1911,-0.0389,PERFECT
2026-07-17 22:10:57,2648fbea,Stage 2,SHE,0,0.6,0.4888,-0.1112,PERFECT
2026-07-17 22:11:02,2648fbea,Stage 2,SEA,2,5.18,5.1918,0.0118,PERFECT
2026-07-17 22:11:10,2648fbea,Stage 2,SEA,6,13.332,13.3635,0.0315,PERFECT
2026-07-17 22:11:17,2648fbea,Stage 3,PETER,0,0.6,0.5634,-0.0366,PERFECT
2026-07-17 22:11:21,2648fbea,Stage 3,PICKED,2,4.508,4.4791,-0.0289,PERFECT
2026-07-17 22:11:24,2648fbea,Stage 3,PECK,4,8.248,8.2888,0.0408,PERFECT
2026-07-17 22:11:28,2648fbea,Stage 3,PICKLED,6,12.06,12.0396,-0.0204,PERFECT
2026-07-19 22:23:14,37632aae,Stage 1,QUICK,1,2.434,2.3821,-0.0519,PERFECT
2026-07-19 22:23:17,37632aae,Stage 1,FOX,3,6.294,6.2827,-0.0113,PERFECT
2026-07-19 22:23:22,37632aae,Stage 1,OVER,5,10.418,10.4527,0.0347,PERFECT
2026-07-19 22:23:25,37632aae,Stage 1,LAZY,7,14.23,14.2311,0.0011,PERFECT
2026-07-19 22:23:31,37632aae,Stage 2,SHE,0,0.6,0.6178,0.0178,PERFECT
2026-07-19 22:23:36,37632aae,Stage 2,SEA,2,5.18,5.1876,0.0076,PERFECT
2026-07-19 22:26:09,b0e25973,Stage 1,QUICK,1,1.2,1.1785,-0.0215,PERFECT
2026-07-19 22:26:11,b0e25973,Stage 1,FOX,3,2.4,2.3554,-0.0446,PERFECT
2026-07-19 22:26:12,b0e25973,Stage 1,OVER,5,3.6,3.5444,-0.0556,PERFECT
2026-07-19 22:26:13,b0e25973,Stage 1,LAZY,7,4.8,4.6719,-0.1281,PERFECT
2026-07-19 22:26:16,b0e25973,Stage 2,SHE,0,1.0,1.0035,0.0035,PERFECT
2026-07-19 22:26:17,b0e25973,Stage 2,SEA,2,1.9,1.8454,-0.0546,PERFECT
2026-07-19 22:26:18,b0e25973,Stage 2,SEA,6,2.8,2.6537,-0.1463,PERFECT
2026-07-19 22:28:11,c3df8b46,Stage 1,QUICK,1,0.473,0.456,-0.017,PERFECT
2026-07-19 22:28:11,c3df8b46,Stage 1,FOX,3,1.376,1.292,-0.084,PERFECT
2026-07-19 22:28:12,c3df8b46,Stage 1,OVER,5,2.15,2.055,-0.095,PERFECT
2026-07-19 22:28:13,c3df8b46,Stage 1,LAZY,7,2.86,2.757,-0.103,PERFECT
2026-07-19 22:28:15,c3df8b46,Stage 2,SHE,0,0.15,0.453,0.303,MISS
2026-07-19 22:28:16,c3df8b46,Stage 2,SEA,2,0.854,0.802,-0.052,PERFECT
2026-07-19 22:28:17,c3df8b46,Stage 2,SEA,6,2.146,2.089,-0.057,PERFECT
2026-07-19 22:28:19,c3df8b46,Stage 3,PETER,0,0.15,0.42,0.27,GOOD
2026-07-19 22:28:20,c3df8b46,Stage 3,PICKED,2,0.971,0.805,-0.166,GOOD
2026-07-19 22:28:20,c3df8b46,Stage 3,PECK,4,1.616,1.462,-0.154,GOOD
2026-07-19 22:28:21,c3df8b46,Stage 3,PICKLED,6,2.202,2.11,-0.092,PERFECT
2026-07-19 22:28:23,c3df8b46,Stage 4,I,0,0.15,0.421,0.271,GOOD
2026-07-19 22:28:23,c3df8b46,Stage 4,REALLY,1,0.372,,,MISS
2026-07-19 22:28:23,c3df8b46,Stage 4,SONG.,4,1.854,0.854,-1.0,MISS
2026-07-19 22:28:26,c3df8b46,Stage 5,CAN'T,1,0.524,0.388,-0.136,PERFECT
2026-07-19 22:28:28,c3df8b46,Stage 5,KEYS.,4,1.873,1.788,-0.085,PERFECT
2026-07-19 22:28:30,c3df8b46,Stage 6,ARE,1,0.402,0.38,-0.022,PERFECT
2026-07-19 22:28:31,c3df8b46,Stage 6,PARK.,5,1.727,1.648,-0.079,PERFECT
2026-07-19 22:28:33,c3df8b46,Stage 7,WORKS,1,0.428,0.447,0.019,PERFECT
2026-07-19 22:28:34,c3df8b46,Stage 7,HARD,3,1.333,1.303,-0.03,PERFECT
2026-07-19 22:28:38,c3df8b46,Stage 8,ALWAYS,1,0.563,0.511,-0.052,PERFECT
2026-07-19 22:28:39,c3df8b46,Stage 8,SOCCER,3,1.526,1.443,-0.083,PERFECT
2026-07-19 22:28:42,c3df8b46,Stage 9,CLOSE,1,0.685,0.565,-0.12,PERFECT
2026-07-19 22:28:43,c3df8b46,Stage 9,DOOR,3,1.487,1.389,-0.098,PERFECT
2026-07-19 22:28:46,c3df8b46,Stage 10,BEST,3,1.157,1.095,-0.062,PERFECT
2026-07-19 22:28:47,c3df8b46,Stage 10,EVER.,5,1.895,1.816,-0.079,PERFECT
2026-07-19 22:35:40,ac6f62a4,Stage 1,QUICK,1,0.473,0.473,0.0,PERFECT
2026-07-19 22:35:41,ac6f62a4,Stage 1,FOX,3,1.376,1.332,-0.044,PERFECT
2026-07-19 22:35:42,ac6f62a4,Stage 1,OVER,5,2.15,2.081,-0.069,PERFECT
2026-07-19 22:35:43,ac6f62a4,Stage 1,LAZY,7,2.86,2.729,-0.131,PERFECT
2026-07-19 22:35:46,ac6f62a4,Stage 2,SHE,0,0.15,0.436,0.286,GOOD
2026-07-19 22:35:47,ac6f62a4,Stage 2,SEA,2,0.854,0.801,-0.053,PERFECT
2026-07-19 22:35:48,ac6f62a4,Stage 2,SEA,6,2.146,2.088,-0.058,PERFECT
2026-07-19 22:35:50,ac6f62a4,Stage 3,PETER,0,0.15,0.367,0.217,GOOD
2026-07-19 22:35:50,ac6f62a4,Stage 3,PICKED,2,0.971,0.821,-0.15,GOOD
2026-07-19 22:35:51,ac6f62a4,Stage 3,PECK,4,1.616,1.468,-0.148,PERFECT
2026-07-19 22:35:52,ac6f62a4,Stage 3,PICKLED,6,2.202,2.068,-0.134,PERFECT
2026-07-19 22:35:54,ac6f62a4,Stage 4,I,0,0.15,0.331,0.181,GOOD
2026-07-19 22:35:55,ac6f62a4,Stage 4,REALLY,1,0.372,0.538,0.166,GOOD
2026-07-19 22:35:56,ac6f62a4,Stage 4,SONG.,4,1.854,1.762,-0.092,PERFECT
2026-07-19 22:35:58,ac6f62a4,Stage 5,CAN'T,1,0.524,0.474,-0.05,PERFECT
2026-07-19 22:35:59,ac6f62a4,Stage 5,KEYS.,4,1.873,1.748,-0.125,PERFECT
2026-07-19 22:36:02,ac6f62a4,Stage 6,ARE,1,0.402,0.348,-0.054,PERFECT
2026-07-19 22:36:03,ac6f62a4,Stage 6,PARK.,5,1.727,1.599,-0.128,PERFECT
2026-07-19 22:36:05,ac6f62a4,Stage 7,WORKS,1,0.428,0.375,-0.053,PERFECT
2026-07-19 22:36:06,ac6f62a4,Stage 7,HARD,3,1.333,1.237,-0.096,PERFECT
2026-07-19 22:36:10,ac6f62a4,Stage 8,ALWAYS,1,0.563,0.496,-0.067,PERFECT
2026-07-19 22:36:11,ac6f62a4,Stage 8,SOCCER,3,1.526,1.462,-0.064,PERFECT
2026-07-19 22:36:14,ac6f62a4,Stage 9,CLOSE,1,0.685,0.639,-0.046,PERFECT
2026-07-19 22:36:15,ac6f62a4,Stage 9,DOOR,3,1.487,1.443,-0.044,PERFECT
2026-07-19 22:36:19,ac6f62a4,Stage 10,BEST,3,1.157,1.072,-0.085,PERFECT
2026-07-19 22:36:19,ac6f62a4,Stage 10,EVER.,5,1.895,1.808,-0.087,PERFECT
2026-07-19 23:14:41,02c1e3ef,Stage 1,QUICK,1,0.473,0.491,0.018,PERFECT
2026-07-19 23:14:42,02c1e3ef,Stage 1,FOX,3,1.376,1.291,-0.085,PERFECT
2026-07-19 23:14:43,02c1e3ef,Stage 1,OVER,5,2.15,2.072,-0.078,PERFECT
2026-07-19 23:14:43,02c1e3ef,Stage 1,LAZY,7,2.86,2.802,-0.058,PERFECT
2026-07-19 23:14:45,02c1e3ef,Stage 2,SHE,0,0.15,0.386,0.236,GOOD
2026-07-19 23:14:46,02c1e3ef,Stage 2,SEA,2,0.854,0.75,-0.104,PERFECT
2026-07-19 23:14:47,02c1e3ef,Stage 2,SEA,6,2.146,2.08,-0.066,PERFECT
2026-07-19 23:14:49,02c1e3ef,Stage 3,PETER,0,0.15,0.364,0.214,GOOD
2026-07-19 23:14:50,02c1e3ef,Stage 3,PICKED,2,0.971,0.761,-0.21,GOOD
2026-07-19 23:14:50,02c1e3ef,Stage 3,PECK,4,1.616,1.471,-0.145,PERFECT
2026-07-19 23:14:51,02c1e3ef,Stage 3,PICKLED,6,2.202,2.082,-0.12,PERFECT
2026-07-19 23:14:54,02c1e3ef,Stage 4,I,0,0.15,0.353,0.203,GOOD
2026-07-19 23:14:54,02c1e3ef,Stage 4,REALLY,1,0.372,0.599,0.227,GOOD
2026-07-19 23:14:55,02c1e3ef,Stage 4,SONG.,4,1.854,1.762,-0.092,PERFECT
2026-07-19 23:14:57,02c1e3ef,Stage 5,CAN'T,1,0.524,0.405,-0.119,PERFECT
2026-07-19 23:14:59,02c1e3ef,Stage 5,KEYS.,4,1.873,1.777,-0.096,PERFECT
2026-07-19 23:15:01,02c1e3ef,Stage 6,ARE,1,0.402,0.355,-0.047,PERFECT
2026-07-19 23:15:02,02c1e3ef,Stage 6,PARK.,5,1.727,1.645,-0.082,PERFECT
2026-07-19 23:15:04,02c1e3ef,Stage 7,WORKS,1,0.428,0.355,-0.073,PERFECT
2026-07-19 23:15:05,02c1e3ef,Stage 7,HARD,3,1.333,1.281,-0.052,PERFECT
2026-07-19 23:15:08,02c1e3ef,Stage 8,ALWAYS,1,0.563,0.537,-0.026,PERFECT
2026-07-19 23:15:09,02c1e3ef,Stage 8,SOCCER,3,1.526,1.458,-0.068,PERFECT
2026-07-19 23:15:12,02c1e3ef,Stage 9,CLOSE,1,0.685,0.611,-0.074,PERFECT
2026-07-19 23:15:12,02c1e3ef,Stage 9,DOOR,3,1.487,1.454,-0.033,PERFECT
2026-07-19 23:15:16,02c1e3ef,Stage 10,BEST,3,1.157,1.047,-0.11,PERFECT
2026-07-19 23:15:16,02c1e3ef,Stage 10,EVER.,5,1.895,1.685,-0.21,GOOD
2026-07-19 23:15:18,02c1e3ef,Stage 11,I,0,0.15,0.356,0.206,GOOD
2026-07-19 23:15:19,02c1e3ef,Stage 11,NEED,1,0.341,0.604,0.263,GOOD
2026-07-19 23:15:19,02c1e3ef,Stage 11,HELP,3,1.105,0.955,-0.15,GOOD
2026-07-19 23:15:22,02c1e3ef,Stage 12,MEET,1,0.603,0.547,-0.056,PERFECT
2026-07-19 23:15:23,02c1e3ef,Stage 12,STATION.,4,1.572,1.552,-0.02,PERFECT
2026-07-19 23:15:25,02c1e3ef,Stage 13,WEATHER,1,0.451,0.365,-0.086,PERFECT
2026-07-19 23:15:26,02c1e3ef,Stage 13,NICE,4,1.898,1.788,-0.11,PERFECT
2026-07-19 23:15:29,02c1e3ef,Stage 14,HELP,2,0.686,0.616,-0.07,PERFECT
2026-07-19 23:15:30,02c1e3ef,Stage 14,PROBLEM?,6,1.864,2.102,0.238,GOOD
2026-07-19 23:15:32,02c1e3ef,Stage 15,I,0,0.15,0.335,0.185,GOOD
2026-07-19 23:15:32,02c1e3ef,Stage 15,WANT,1,0.329,0.552,0.223,GOOD
2026-07-19 23:15:33,02c1e3ef,Stage 15,LANGUAGE.,6,1.821,1.72,-0.101,PERFECT
2026-07-19 23:15:35,02c1e3ef,Stage 16,MOVIE,1,0.47,0.387,-0.083,PERFECT
2026-07-19 23:15:36,02c1e3ef,Stage 16,SEVEN,4,1.684,1.596,-0.088,PERFECT
2026-07-19 23:15:39,02c1e3ef,Stage 17,SISTER,1,0.424,0.353,-0.071,PERFECT
2026-07-19 23:15:41,02c1e3ef,Stage 17,CITY.,6,2.271,2.207,-0.064,PERFECT
2026-07-19 23:15:43,02c1e3ef,Stage 18,SHOULD,1,0.389,0.368,-0.021,PERFECT
2026-07-19 23:15:43,02c1e3ef,Stage 18,EARLY,3,1.284,1.253,-0.031,PERFECT
2026-07-19 23:15:46,02c1e3ef,Stage 19,BOUGHT,1,0.395,0.392,-0.003,PERFECT
2026-07-19 23:15:47,02c1e3ef,Stage 19,PAIR,4,1.376,1.36,-0.016,PERFECT
2026-07-19 23:15:49,02c1e3ef,Stage 20,I,0,0.15,0.407,0.257,GOOD
2026-07-19 23:15:49,02c1e3ef,Stage 20,FORGOT,1,0.355,,,MISS
2026-07-19 23:15:49,02c1e3ef,Stage 20,UMBRELLA,3,1.173,0.721,-0.452,MISS
2026-07-19 23:28:20,54dad712,Stage 1,QUICK,1,1.937,1.867,-0.07,PERFECT
2026-07-19 23:28:21,54dad712,Stage 1,FOX,3,2.88,2.846,-0.034,PERFECT
2026-07-19 23:28:22,54dad712,Stage 1,OVER,5,3.688,3.636,-0.052,PERFECT
2026-07-19 23:28:23,54dad712,Stage 1,LAZY,7,4.429,4.389,-0.04,PERFECT
2026-07-19 23:28:26,54dad712,Stage 2,SHE,0,1.6,1.5207,-0.0793,PERFECT
2026-07-19 23:28:27,54dad712,Stage 2,SEA,2,2.343,2.205,-0.138,PERFECT
2026-07-19 23:28:28,54dad712,Stage 2,SEA,6,3.707,3.597,-0.11,PERFECT
2026-07-19 23:28:32,54dad712,Stage 3,PETER,0,1.6,1.4684,-0.1316,PERFECT
2026-07-19 23:28:32,54dad712,Stage 3,PICKED,2,2.461,2.311,-0.15,PERFECT
2026-07-19 23:28:33,54dad712,Stage 3,PECK,4,3.137,3.007,-0.13,PERFECT
2026-07-19 23:28:34,54dad712,Stage 3,PICKLED,6,3.752,3.655,-0.097,PERFECT
2026-07-19 23:28:37,54dad712,Stage 4,I,0,1.6,1.5511,-0.0489,PERFECT
2026-07-19 23:28:38,54dad712,Stage 4,REALLY,1,1.838,1.849,0.011,PERFECT
2026-07-19 23:28:39,54dad712,Stage 4,SONG.,4,3.423,3.371,-0.052,PERFECT
2026-07-19 23:28:43,54dad712,Stage 5,CAN'T,1,2.0,1.956,-0.044,PERFECT
2026-07-19 23:28:45,54dad712,Stage 5,KEYS.,4,3.442,3.362,-0.08,PERFECT
2026-07-19 23:28:48,54dad712,Stage 6,ARE,1,1.872,1.838,-0.034,PERFECT
2026-07-19 23:28:49,54dad712,Stage 6,PARK.,5,3.298,3.152,-0.146,PERFECT
2026-07-19 23:28:53,54dad712,Stage 7,WORKS,1,1.896,1.902,0.006,PERFECT
2026-07-19 23:28:54,54dad712,Stage 7,HARD,3,2.856,2.733,-0.123,PERFECT
2026-07-19 23:28:58,54dad712,Stage 8,ALWAYS,1,2.035,1.997,-0.038,PERFECT
2026-07-19 23:28:59,54dad712,Stage 8,SOCCER,3,3.049,2.937,-0.112,PERFECT
2026-07-19 23:29:04,54dad712,Stage 9,CLOSE,1,2.169,2.12,-0.049,PERFECT
2026-07-19 23:29:05,54dad712,Stage 9,DOOR,3,3.023,2.939,-0.084,PERFECT
2026-07-19 23:29:09,54dad712,Stage 10,BEST,3,2.677,2.559,-0.118,PERFECT
2026-07-19 23:29:10,54dad712,Stage 10,EVER.,5,3.467,3.417,-0.05,PERFECT
2026-07-19 23:29:13,54dad712,Stage 11,I,0,1.6,1.5913,-0.0087,PERFECT
2026-07-19 23:29:13,54dad712,Stage 11,NEED,1,1.805,1.757,-0.048,PERFECT
2026-07-19 23:29:14,54dad712,Stage 11,HELP,3,2.623,2.589,-0.034,PERFECT
2026-07-19 23:29:21,54dad712,Stage 12,MEET,1,2.086,2.018,-0.068,PERFECT
2026-07-19 23:29:22,54dad712,Stage 12,STATION.,4,3.129,3.005,-0.124,PERFECT
2026-07-19 23:29:26,54dad712,Stage 13,WEATHER,1,1.919,1.867,-0.052,PERFECT
2026-07-19 23:29:28,54dad712,Stage 13,NICE,4,3.452,3.4,-0.052,PERFECT
2026-07-19 23:29:31,54dad712,Stage 14,HELP,2,2.172,2.094,-0.078,PERFECT
2026-07-19 23:29:33,54dad712,Stage 14,PROBLEM?,6,3.431,3.287,-0.144,PERFECT
2026-07-19 23:29:36,54dad712,Stage 15,I,0,1.6,1.5827,-0.0173,PERFECT
2026-07-19 23:29:36,54dad712,Stage 15,WANT,1,1.791,1.74,-0.051,PERFECT
2026-07-19 23:29:37,54dad712,Stage 15,LANGUAGE.,6,3.382,3.261,-0.121,PERFECT
2026-07-19 23:29:44,54dad712,Stage 16,MOVIE,1,1.938,1.908,-0.03,PERFECT
2026-07-19 23:29:45,54dad712,Stage 16,SEVEN,4,3.224,3.154,-0.07,PERFECT
2026-07-19 23:29:49,54dad712,Stage 17,SISTER,1,1.89,1.886,-0.004,PERFECT
2026-07-19 23:29:51,54dad712,Stage 17,CITY.,6,3.847,3.753,-0.094,PERFECT
2026-07-19 23:29:54,54dad712,Stage 18,SHOULD,1,1.855,1.87,0.015,PERFECT
2026-07-19 23:29:55,54dad712,Stage 18,EARLY,3,2.813,2.729,-0.084,PERFECT
2026-07-19 23:29:59,54dad712,Stage 19,BOUGHT,1,1.861,1.855,-0.006,PERFECT
2026-07-19 23:30:00,54dad712,Stage 19,PAIR,4,2.907,2.86,-0.047,PERFECT
2026-07-19 23:30:04,54dad712,Stage 20,I,0,1.6,1.5818,-0.0182,PERFECT
2026-07-19 23:30:05,54dad712,Stage 20,FORGOT,1,1.818,1.756,-0.062,PERFECT
2026-07-19 23:30:05,54dad712,Stage 20,UMBRELLA,3,2.688,2.61,-0.078,PERFECT
2026-07-20 19:16:36,872c4da2,Stage 1,QUICK,1,1.937,1.869,-0.068,PERFECT
2026-07-20 19:16:37,872c4da2,Stage 1,FOX,3,2.88,2.771,-0.109,PERFECT
2026-07-20 19:16:38,872c4da2,Stage 1,OVER,5,3.688,3.656,-0.032,PERFECT
2026-07-20 19:16:39,872c4da2,Stage 1,LAZY,7,4.429,4.303,-0.126,PERFECT
2026-07-20 19:16:42,872c4da2,Stage 2,SHE,0,1.6,1.5353,-0.0647,PERFECT
2026-07-20 19:16:43,872c4da2,Stage 2,SEA,2,2.343,2.231,-0.112,PERFECT
2026-07-20 19:16:44,872c4da2,Stage 2,SEA,6,3.707,3.622,-0.085,PERFECT
2026-07-20 19:16:47,872c4da2,Stage 3,PETER,0,1.6,1.5789,-0.0211,PERFECT
2026-07-20 19:16:48,872c4da2,Stage 3,PICKED,2,2.461,2.396,-0.065,PERFECT
2026-07-20 19:16:49,872c4da2,Stage 3,PECK,4,3.137,3.122,-0.015,PERFECT
2026-07-20 19:16:50,872c4da2,Stage 3,PICKLED,6,3.752,3.722,-0.03,PERFECT
2026-07-20 19:16:53,872c4da2,Stage 4,I,0,1.6,1.5597,-0.0403,PERFECT
2026-07-20 19:16:53,872c4da2,Stage 4,REALLY,1,1.838,1.81,-0.028,PERFECT
2026-07-20 19:16:55,872c4da2,Stage 4,SONG.,4,3.423,3.304,-0.119,PERFECT
2026-07-20 19:23:35,5d598360,Stage 1,QUICK,1,2.099,2.025,-0.074,PERFECT
2026-07-20 19:23:36,5d598360,Stage 1,FOX,3,2.936,2.836,-0.1,PERFECT
2026-07-20 19:23:36,5d598360,Stage 1,OVER,5,3.654,3.535,-0.119,PERFECT
2026-07-20 19:23:37,5d598360,Stage 1,LAZY,7,4.312,4.254,-0.058,PERFECT
2026-07-20 19:23:41,5d598360,Stage 2,SHE,0,1.8,1.77,-0.03,PERFECT
2026-07-20 19:23:41,5d598360,Stage 2,SEA,2,2.439,2.377,-0.062,PERFECT
2026-07-20 19:23:43,5d598360,Stage 2,SEA,6,3.611,3.534,-0.077,PERFECT
2026-07-20 19:23:46,5d598360,Stage 3,PETER,0,1.8,1.782,-0.018,PERFECT
2026-07-20 19:23:47,5d598360,Stage 3,PICKED,2,2.555,2.351,-0.204,GOOD
2026-07-20 19:23:48,5d598360,Stage 3,PECK,4,3.148,3.051,-0.097,PERFECT
2026-07-20 19:23:48,5d598360,Stage 3,PICKLED,6,3.687,3.583,-0.104,PERFECT
2026-07-20 19:23:52,5d598360,Stage 4,I,0,1.8,1.681,-0.119,PERFECT
2026-07-20 19:23:52,5d598360,Stage 4,REALLY,1,1.996,1.928,-0.068,PERFECT
2026-07-20 19:23:54,5d598360,Stage 4,SONG.,4,3.305,3.198,-0.107,PERFECT
2026-07-20 19:23:58,5d598360,Stage 5,CAN'T,1,2.131,2.067,-0.064,PERFECT
2026-07-20 19:23:59,5d598360,Stage 5,KEYS.,4,3.324,3.225,-0.099,PERFECT
2026-07-20 19:24:02,5d598360,Stage 6,ARE,1,2.02,1.992,-0.028,PERFECT
2026-07-20 19:24:04,5d598360,Stage 6,PARK.,5,3.176,3.153,-0.023,PERFECT
2026-07-20 19:24:07,5d598360,Stage 7,WORKS,1,2.05,2.058,0.008,PERFECT
2026-07-20 19:24:08,5d598360,Stage 7,HARD,3,2.862,2.807,-0.055,PERFECT
2026-07-20 19:24:12,5d598360,Stage 8,ALWAYS,1,2.176,2.126,-0.05,PERFECT
2026-07-20 19:24:13,5d598360,Stage 8,SOCCER,3,3.054,2.97,-0.084,PERFECT
2026-07-20 19:24:18,5d598360,Stage 9,CLOSE,1,2.278,2.228,-0.05,PERFECT
2026-07-20 19:24:19,5d598360,Stage 9,DOOR,3,2.994,2.924,-0.07,PERFECT
2026-07-20 19:24:25,5d598360,Stage 10,BEST,3,2.69,2.635,-0.055,PERFECT
2026-07-20 19:24:26,5d598360,Stage 10,EVER.,5,3.342,3.295,-0.047,PERFECT
